,precision,recall,f1-score,support
0,0.14285714285714285,0.045454545454545456,0.06896551724137931,22.0
1,0.35714285714285715,0.2702702702702703,0.3076923076923077,37.0
2,0.4864864864864865,0.72,0.5806451612903226,50.0
accuracy,0.43119266055045874,0.43119266055045874,0.43119266055045874,0.43119266055045874
macro avg,0.32882882882882886,0.34524160524160524,0.31910099540800324,109.0
weighted avg,0.3732244695547448,0.43119266055045874,0.3847166498022189,109.0
