,precision,recall,f1-score,support
0,0.5454545454545454,0.2727272727272727,0.36363636363636365,22.0
1,0.40625,0.35135135135135137,0.37681159420289856,37.0
2,0.5303030303030303,0.7,0.603448275862069,50.0
accuracy,0.4954128440366973,0.4954128440366973,0.4954128440366973,0.4954128440366973
macro avg,0.49400252525252525,0.4413595413595413,0.44796541123377703,109.0
weighted avg,0.4912513900472616,0.4954128440366973,0.4781141539322082,109.0
